image_name,1,2,3,4,5,6,7,8,9,10,11
WSI/1/1457.jpg,1,0,0,0,0,0,0,0,0,0,0
WSI/9/1088.jpg,0,0,0,0,0,0,0,0,1,0,0
WSI/3/1565.jpg,0,0,1,0,0,0,0,0,0,0,0
WSI/3/198.jpg,0,0,1,0,0,0,0,0,0,0,0
WSI/11/1331.jpg,0,0,0,0,0,0,0,0,0,0,1
WSI/5/388.jpg,0,0,0,0,1,0,0,0,0,0,0
WSI/6/1045.jpg,0,0,0,0,0,1,0,0,0,0,0
WSI/2/932.jpg,0,1,0,0,0,0,0,0,0,0,0
WSI/1/55.jpg,1,0,0,0,0,0,0,0,0,0,0
WSI/2/626.jpg,0,1,0,0,0,0,0,0,0,0,0
WSI/5/1381.jpg,0,0,0,0,1,0,0,0,0,0,0
WSI/1/406.jpg,1,0,0,0,0,0,0,0,0,0,0
WSI/8/416.jpg,0,0,0,0,0,0,0,1,0,0,0
WSI/5/1589.jpg,0,0,0,0,1,0,0,0,0,0,0
WSI/9/1273.jpg,0,0,0,0,0,0,0,0,1,0,0
WSI/10/852.jpg,0,0,0,0,0,0,0,0,0,1,0
WSI/6/1481.jpg,0,0,0,0,0,1,0,0,0,0,0
WSI/11/1175.jpg,0,0,0,0,0,0,0,0,0,0,1
WSI/8/1108.jpg,0,0,0,0,0,0,0,1,0,0,0
WSI/2/1474.jpg,0,1,0,0,0,0,0,0,0,0,0
WSI/6/1323.jpg,0,0,0,0,0,1,0,0,0,0,0
WSI/5/989.jpg,0,0,0,0,1,0,0,0,0,0,0
WSI/9/1036.jpg,0,0,0,0,0,0,0,0,1,0,0
WSI/11/647.jpg,0,0,0,0,0,0,0,0,0,0,1
WSI/11/1055.jpg,0,0,0,0,0,0,0,0,0,0,1
WSI/9/460.jpg,0,0,0,0,0,0,0,0,1,0,0
WSI/7/408.jpg,0,0,0,0,0,0,1,0,0,0,0
WSI/1/847.jpg,1,0,0,0,0,0,0,0,0,0,0
WSI/11/1390.jpg,0,0,0,0,0,0,0,0,0,0,1
WSI/11/1148.jpg,0,0,0,0,0,0,0,0,0,0,1
WSI/9/1493.jpg,0,0,0,0,0,0,0,0,1,0,0
WSI/6/1057.jpg,0,0,0,0,0,1,0,0,0,0,0
WSI/2/829.jpg,0,1,0,0,0,0,0,0,0,0,0
WSI/8/546.jpg,0,0,0,0,0,0,0,1,0,0,0
WSI/11/341.jpg,0,0,0,0,0,0,0,0,0,0,1
WSI/6/1435.jpg,0,0,0,0,0,1,0,0,0,0,0
WSI/8/1000.jpg,0,0,0,0,0,0,0,1,0,0,0
WSI/10/1337.jpg,0,0,0,0,0,0,0,0,0,1,0
WSI/5/191.jpg,0,0,0,0,1,0,0,0,0,0,0
WSI/3/1060.jpg,0,0,1,0,0,0,0,0,0,0,0
WSI/3/745.jpg,0,0,1,0,0,0,0,0,0,0,0
WSI/4/425.jpg,0,0,0,1,0,0,0,0,0,0,0
WSI/8/146.jpg,0,0,0,0,0,0,0,1,0,0,0
WSI/10/1649.jpg,0,0,0,0,0,0,0,0,0,1,0
WSI/1/995.jpg,1,0,0,0,0,0,0,0,0,0,0
WSI/9/789.jpg,0,0,0,0,0,0,0,0,1,0,0
WSI/9/801.jpg,0,0,0,0,0,0,0,0,1,0,0
WSI/4/1022.jpg,0,0,0,1,0,0,0,0,0,0,0
WSI/7/529.jpg,0,0,0,0,0,0,1,0,0,0,0
WSI/4/1499.jpg,0,0,0,1,0,0,0,0,0,0,0
WSI/5/472.jpg,0,0,0,0,1,0,0,0,0,0,0
WSI/5/757.jpg,0,0,0,0,1,0,0,0,0,0,0
WSI/4/1529.jpg,0,0,0,1,0,0,0,0,0,0,0
WSI/1/1074.jpg,1,0,0,0,0,0,0,0,0,0,0
WSI/4/306.jpg,0,0,0,1,0,0,0,0,0,0,0
WSI/10/980.jpg,0,0,0,0,0,0,0,0,0,1,0
WSI/11/1147.jpg,0,0,0,0,0,0,0,0,0,0,1
WSI/3/1558.jpg,0,0,1,0,0,0,0,0,0,0,0
WSI/2/918.jpg,0,1,0,0,0,0,0,0,0,0,0
WSI/1/86.jpg,1,0,0,0,0,0,0,0,0,0,0
WSI/11/1386.jpg,0,0,0,0,0,0,0,0,0,0,1
WSI/6/184.jpg,0,0,0,0,0,1,0,0,0,0,0
WSI/9/644.jpg,0,0,0,0,0,0,0,0,1,0,0
WSI/3/1624.jpg,0,0,1,0,0,0,0,0,0,0,0
WSI/8/318.jpg,0,0,0,0,0,0,0,1,0,0,0
WSI/2/963.jpg,0,1,0,0,0,0,0,0,0,0,0
WSI/4/114.jpg,0,0,0,1,0,0,0,0,0,0,0
WSI/8/230.jpg,0,0,0,0,0,0,0,1,0,0,0
WSI/10/1202.jpg,0,0,0,0,0,0,0,0,0,1,0
WSI/3/271.jpg,0,0,1,0,0,0,0,0,0,0,0
WSI/2/611.jpg,0,1,0,0,0,0,0,0,0,0,0
WSI/6/832.jpg,0,0,0,0,0,1,0,0,0,0,0
WSI/10/1479.jpg,0,0,0,0,0,0,0,0,0,1,0
WSI/9/264.jpg,0,0,0,0,0,0,0,0,1,0,0
WSI/2/957.jpg,0,1,0,0,0,0,0,0,0,0,0
WSI/11/943.jpg,0,0,0,0,0,0,0,0,0,0,1
WSI/1/368.jpg,1,0,0,0,0,0,0,0,0,0,0
WSI/3/976.jpg,0,0,1,0,0,0,0,0,0,0,0
WSI/10/1188.jpg,0,0,0,0,0,0,0,0,0,1,0
WSI/2/1021.jpg,0,1,0,0,0,0,0,0,0,0,0
WSI/6/741.jpg,0,0,0,0,0,1,0,0,0,0,0
WSI/2/168.jpg,0,1,0,0,0,0,0,0,0,0,0
WSI/6/1456.jpg,0,0,0,0,0,1,0,0,0,0,0
WSI/6/95.jpg,0,0,0,0,0,1,0,0,0,0,0
WSI/6/810.jpg,0,0,0,0,0,1,0,0,0,0,0
WSI/2/1310.jpg,0,1,0,0,0,0,0,0,0,0,0
WSI/8/259.jpg,0,0,0,0,0,0,0,1,0,0,0
WSI/10/1376.jpg,0,0,0,0,0,0,0,0,0,1,0
WSI/11/710.jpg,0,0,0,0,0,0,0,0,0,0,1
WSI/8/171.jpg,0,0,0,0,0,0,0,1,0,0,0
WSI/9/1614.jpg,0,0,0,0,0,0,0,0,1,0,0
WSI/8/1164.jpg,0,0,0,0,0,0,0,1,0,0,0
WSI/7/165.jpg,0,0,0,0,0,0,1,0,0,0,0
WSI/3/263.jpg,0,0,1,0,0,0,0,0,0,0,0
WSI/4/867.jpg,0,0,0,1,0,0,0,0,0,0,0
WSI/5/503.jpg,0,0,0,0,1,0,0,0,0,0,0
WSI/8/1514.jpg,0,0,0,0,0,0,0,1,0,0,0
WSI/4/522.jpg,0,0,0,1,0,0,0,0,0,0,0
WSI/4/1109.jpg,0,0,0,1,0,0,0,0,0,0,0
WSI/11/1161.jpg,0,0,0,0,0,0,0,0,0,0,1
WSI/8/1165.jpg,0,0,0,0,0,0,0,1,0,0,0
WSI/6/1401.jpg,0,0,0,0,0,1,0,0,0,0,0
WSI/1/257.jpg,1,0,0,0,0,0,0,0,0,0,0
WSI/1/1334.jpg,1,0,0,0,0,0,0,0,0,0,0
WSI/6/112.jpg,0,0,0,0,0,1,0,0,0,0,0
WSI/3/377.jpg,0,0,1,0,0,0,0,0,0,0,0
WSI/3/735.jpg,0,0,1,0,0,0,0,0,0,0,0
WSI/4/1144.jpg,0,0,0,1,0,0,0,0,0,0,0
WSI/9/1489.jpg,0,0,0,0,0,0,0,0,1,0,0
WSI/4/828.jpg,0,0,0,1,0,0,0,0,0,0,0
WSI/6/132.jpg,0,0,0,0,0,1,0,0,0,0,0
WSI/11/1146.jpg,0,0,0,0,0,0,0,0,0,0,1
WSI/9/266.jpg,0,0,0,0,0,0,0,0,1,0,0
WSI/9/1100.jpg,0,0,0,0,0,0,0,0,1,0,0
WSI/11/330.jpg,0,0,0,0,0,0,0,0,0,0,1
WSI/3/1220.jpg,0,0,1,0,0,0,0,0,0,0,0
WSI/3/174.jpg,0,0,1,0,0,0,0,0,0,0,0
WSI/9/1615.jpg,0,0,0,0,0,0,0,0,1,0,0
WSI/4/1534.jpg,0,0,0,1,0,0,0,0,0,0,0
WSI/5/1542.jpg,0,0,0,0,1,0,0,0,0,0,0
WSI/6/1443.jpg,0,0,0,0,0,1,0,0,0,0,0
WSI/9/517.jpg,0,0,0,0,0,0,0,0,1,0,0
WSI/2/1447.jpg,0,1,0,0,0,0,0,0,0,0,0
WSI/11/645.jpg,0,0,0,0,0,0,0,0,0,0,1
WSI/11/1453.jpg,0,0,0,0,0,0,0,0,0,0,1
WSI/4/652.jpg,0,0,0,1,0,0,0,0,0,0,0
WSI/8/454.jpg,0,0,0,0,0,0,0,1,0,0,0
WSI/6/977.jpg,0,0,0,0,0,1,0,0,0,0,0
WSI/5/1498.jpg,0,0,0,0,1,0,0,0,0,0,0
WSI/9/1491.jpg,0,0,0,0,0,0,0,0,1,0,0
WSI/3/657.jpg,0,0,1,0,0,0,0,0,0,0,0
WSI/11/1415.jpg,0,0,0,0,0,0,0,0,0,0,1
WSI/11/1360.jpg,0,0,0,0,0,0,0,0,0,0,1
WSI/7/1584.jpg,0,0,0,0,0,0,1,0,0,0,0
WSI/7/580.jpg,0,0,0,0,0,0,1,0,0,0,0
WSI/10/1321.jpg,0,0,0,0,0,0,0,0,0,1,0
WSI/1/1087.jpg,1,0,0,0,0,0,0,0,0,0,0
WSI/10/1350.jpg,0,0,0,0,0,0,0,0,0,1,0
WSI/10/805.jpg,0,0,0,0,0,0,0,0,0,1,0
WSI/8/979.jpg,0,0,0,0,0,0,0,1,0,0,0
WSI/7/35.jpg,0,0,0,0,0,0,1,0,0,0,0
WSI/8/1575.jpg,0,0,0,0,0,0,0,1,0,0,0
WSI/1/97.jpg,1,0,0,0,0,0,0,0,0,0,0
WSI/2/949.jpg,0,1,0,0,0,0,0,0,0,0,0
WSI/3/620.jpg,0,0,1,0,0,0,0,0,0,0,0
WSI/6/430.jpg,0,0,0,0,0,1,0,0,0,0,0
WSI/4/904.jpg,0,0,0,1,0,0,0,0,0,0,0
WSI/3/1047.jpg,0,0,1,0,0,0,0,0,0,0,0
WSI/1/994.jpg,1,0,0,0,0,0,0,0,0,0,0
WSI/8/349.jpg,0,0,0,0,0,0,0,1,0,0,0
WSI/6/1634.jpg,0,0,0,0,0,1,0,0,0,0,0
WSI/10/348.jpg,0,0,0,0,0,0,0,0,0,1,0
WSI/3/385.jpg,0,0,1,0,0,0,0,0,0,0,0
WSI/11/942.jpg,0,0,0,0,0,0,0,0,0,0,1
WSI/11/1388.jpg,0,0,0,0,0,0,0,0,0,0,1
WSI/11/120.jpg,0,0,0,0,0,0,0,0,0,0,1
WSI/9/1173.jpg,0,0,0,0,0,0,0,0,1,0,0
WSI/4/455.jpg,0,0,0,1,0,0,0,0,0,0,0
WSI/4/1294.jpg,0,0,0,1,0,0,0,0,0,0,0
WSI/9/1492.jpg,0,0,0,0,0,0,0,0,1,0,0
WSI/10/1475.jpg,0,0,0,0,0,0,0,0,0,1,0
WSI/5/534.jpg,0,0,0,0,1,0,0,0,0,0,0
WSI/3/1238.jpg,0,0,1,0,0,0,0,0,0,0,0
WSI/2/466.jpg,0,1,0,0,0,0,0,0,0,0,0
WSI/3/1611.jpg,0,0,1,0,0,0,0,0,0,0,0
WSI/6/516.jpg,0,0,0,0,0,1,0,0,0,0,0
WSI/1/1019.jpg,1,0,0,0,0,0,0,0,0,0,0
WSI/4/561.jpg,0,0,0,1,0,0,0,0,0,0,0
WSI/2/1525.jpg,0,1,0,0,0,0,0,0,0,0,0
WSI/11/1384.jpg,0,0,0,0,0,0,0,0,0,0,1
WSI/1/103.jpg,1,0,0,0,0,0,0,0,0,0,0
WSI/10/335.jpg,0,0,0,0,0,0,0,0,0,1,0
WSI/2/93.jpg,0,1,0,0,0,0,0,0,0,0,0
WSI/4/59.jpg,0,0,0,1,0,0,0,0,0,0,0
WSI/1/133.jpg,1,0,0,0,0,0,0,0,0,0,0
WSI/2/910.jpg,0,1,0,0,0,0,0,0,0,0,0
WSI/10/578.jpg,0,0,0,0,0,0,0,0,0,1,0
WSI/1/945.jpg,1,0,0,0,0,0,0,0,0,0,0
WSI/7/494.jpg,0,0,0,0,0,0,1,0,0,0,0
WSI/3/553.jpg,0,0,1,0,0,0,0,0,0,0,0
WSI/4/808.jpg,0,0,0,1,0,0,0,0,0,0,0
WSI/7/621.jpg,0,0,0,0,0,0,1,0,0,0,0
WSI/6/787.jpg,0,0,0,0,0,1,0,0,0,0,0
WSI/7/815.jpg,0,0,0,0,0,0,1,0,0,0,0
WSI/9/1097.jpg,0,0,0,0,0,0,0,0,1,0,0
WSI/3/1290.jpg,0,0,1,0,0,0,0,0,0,0,0
WSI/9/692.jpg,0,0,0,0,0,0,0,0,1,0,0
WSI/8/295.jpg,0,0,0,0,0,0,0,1,0,0,0
WSI/9/1490.jpg,0,0,0,0,0,0,0,0,1,0,0
WSI/11/646.jpg,0,0,0,0,0,0,0,0,0,0,1
WSI/11/1339.jpg,0,0,0,0,0,0,0,0,0,0,1
WSI/2/1299.jpg,0,1,0,0,0,0,0,0,0,0,0
WSI/11/1382.jpg,0,0,0,0,0,0,0,0,0,0,1
WSI/5/1269.jpg,0,0,0,0,1,0,0,0,0,0,0
WSI/5/1092.jpg,0,0,0,0,1,0,0,0,0,0,0
WSI/7/1348.jpg,0,0,0,0,0,0,1,0,0,0,0
WSI/2/11.jpg,0,1,0,0,0,0,0,0,0,0,0
WSI/2/986.jpg,0,1,0,0,0,0,0,0,0,0,0
WSI/3/1483.jpg,0,0,1,0,0,0,0,0,0,0,0
WSI/7/1579.jpg,0,0,0,0,0,0,1,0,0,0,0
WSI/4/1023.jpg,0,0,0,1,0,0,0,0,0,0,0
WSI/4/767.jpg,0,0,0,1,0,0,0,0,0,0,0
WSI/7/953.jpg,0,0,0,0,0,0,1,0,0,0,0
WSI/3/751.jpg,0,0,1,0,0,0,0,0,0,0,0
WSI/10/366.jpg,0,0,0,0,0,0,0,0,0,1,0
WSI/4/68.jpg,0,0,0,1,0,0,0,0,0,0,0
WSI/8/1318.jpg,0,0,0,0,0,0,0,1,0,0,0
WSI/6/1523.jpg,0,0,0,0,0,1,0,0,0,0,0
WSI/4/1518.jpg,0,0,0,1,0,0,0,0,0,0,0
WSI/1/1563.jpg,1,0,0,0,0,0,0,0,0,0,0
WSI/11/713.jpg,0,0,0,0,0,0,0,0,0,0,1
WSI/3/127.jpg,0,0,1,0,0,0,0,0,0,0,0
WSI/1/1223.jpg,1,0,0,0,0,0,0,0,0,0,0
WSI/10/185.jpg,0,0,0,0,0,0,0,0,0,1,0
WSI/7/1619.jpg,0,0,0,0,0,0,1,0,0,0,0
WSI/5/100.jpg,0,0,0,0,1,0,0,0,0,0,0
WSI/2/881.jpg,0,1,0,0,0,0,0,0,0,0,0
WSI/4/225.jpg,0,0,0,1,0,0,0,0,0,0,0
WSI/6/182.jpg,0,0,0,0,0,1,0,0,0,0,0
WSI/1/245.jpg,1,0,0,0,0,0,0,0,0,0,0
WSI/8/920.jpg,0,0,0,0,0,0,0,1,0,0,0
WSI/10/9.jpg,0,0,0,0,0,0,0,0,0,1,0
WSI/9/273.jpg,0,0,0,0,0,0,0,0,1,0,0
WSI/4/1154.jpg,0,0,0,1,0,0,0,0,0,0,0
WSI/8/927.jpg,0,0,0,0,0,0,0,1,0,0,0
WSI/3/367.jpg,0,0,1,0,0,0,0,0,0,0,0
WSI/7/75.jpg,0,0,0,0,0,0,1,0,0,0,0
WSI/9/1506.jpg,0,0,0,0,0,0,0,0,1,0,0
WSI/2/501.jpg,0,1,0,0,0,0,0,0,0,0,0
WSI/10/915.jpg,0,0,0,0,0,0,0,0,0,1,0
WSI/4/309.jpg,0,0,0,1,0,0,0,0,0,0,0
WSI/11/508.jpg,0,0,0,0,0,0,0,0,0,0,1
WSI/3/282.jpg,0,0,1,0,0,0,0,0,0,0,0
WSI/1/1018.jpg,1,0,0,0,0,0,0,0,0,0,0
WSI/1/1040.jpg,1,0,0,0,0,0,0,0,0,0,0
WSI/11/1291.jpg,0,0,0,0,0,0,0,0,0,0,1
WSI/6/289.jpg,0,0,0,0,0,1,0,0,0,0,0
WSI/4/1196.jpg,0,0,0,1,0,0,0,0,0,0,0
WSI/3/673.jpg,0,0,1,0,0,0,0,0,0,0,0
WSI/6/1255.jpg,0,0,0,0,0,1,0,0,0,0,0
WSI/9/772.jpg,0,0,0,0,0,0,0,0,1,0,0
WSI/10/210.jpg,0,0,0,0,0,0,0,0,0,1,0
WSI/9/1345.jpg,0,0,0,0,0,0,0,0,1,0,0
WSI/1/1257.jpg,1,0,0,0,0,0,0,0,0,0,0
WSI/7/468.jpg,0,0,0,0,0,0,1,0,0,0,0
WSI/5/504.jpg,0,0,0,0,1,0,0,0,0,0,0
WSI/4/1394.jpg,0,0,0,1,0,0,0,0,0,0,0
WSI/3/415.jpg,0,0,1,0,0,0,0,0,0,0,0
WSI/4/607.jpg,0,0,0,1,0,0,0,0,0,0,0
WSI/4/1219.jpg,0,0,0,1,0,0,0,0,0,0,0
WSI/3/941.jpg,0,0,1,0,0,0,0,0,0,0,0
WSI/5/154.jpg,0,0,0,0,1,0,0,0,0,0,0
WSI/3/29.jpg,0,0,1,0,0,0,0,0,0,0,0
WSI/5/269.jpg,0,0,0,0,1,0,0,0,0,0,0
WSI/10/76.jpg,0,0,0,0,0,0,0,0,0,1,0
WSI/1/1239.jpg,1,0,0,0,0,0,0,0,0,0,0
WSI/11/157.jpg,0,0,0,0,0,0,0,0,0,0,1
WSI/3/1230.jpg,0,0,1,0,0,0,0,0,0,0,0
WSI/1/1396.jpg,1,0,0,0,0,0,0,0,0,0,0
WSI/1/536.jpg,1,0,0,0,0,0,0,0,0,0,0
WSI/11/331.jpg,0,0,0,0,0,0,0,0,0,0,1
WSI/1/1459.jpg,1,0,0,0,0,0,0,0,0,0,0
WSI/7/865.jpg,0,0,0,0,0,0,1,0,0,0,0
WSI/10/205.jpg,0,0,0,0,0,0,0,0,0,1,0
WSI/1/740.jpg,1,0,0,0,0,0,0,0,0,0,0
WSI/5/518.jpg,0,0,0,0,1,0,0,0,0,0,0
WSI/8/667.jpg,0,0,0,0,0,0,0,1,0,0,0
WSI/1/1607.jpg,1,0,0,0,0,0,0,0,0,0,0
WSI/8/251.jpg,0,0,0,0,0,0,0,1,0,0,0
WSI/4/970.jpg,0,0,0,1,0,0,0,0,0,0,0
WSI/9/1368.jpg,0,0,0,0,0,0,0,0,1,0,0
WSI/1/1392.jpg,1,0,0,0,0,0,0,0,0,0,0
WSI/8/1347.jpg,0,0,0,0,0,0,0,1,0,0,0
WSI/2/701.jpg,0,1,0,0,0,0,0,0,0,0,0
WSI/5/513.jpg,0,0,0,0,1,0,0,0,0,0,0
WSI/9/643.jpg,0,0,0,0,0,0,0,0,1,0,0
WSI/5/477.jpg,0,0,0,0,1,0,0,0,0,0,0
WSI/5/1141.jpg,0,0,0,0,1,0,0,0,0,0,0
WSI/2/866.jpg,0,1,0,0,0,0,0,0,0,0,0
WSI/7/336.jpg,0,0,0,0,0,0,1,0,0,0,0
WSI/3/1595.jpg,0,0,1,0,0,0,0,0,0,0,0
WSI/2/1513.jpg,0,1,0,0,0,0,0,0,0,0,0
WSI/7/1217.jpg,0,0,0,0,0,0,1,0,0,0,0
WSI/9/778.jpg,0,0,0,0,0,0,0,0,1,0,0
WSI/4/880.jpg,0,0,0,1,0,0,0,0,0,0,0
WSI/9/375.jpg,0,0,0,0,0,0,0,0,1,0,0
WSI/1/1470.jpg,1,0,0,0,0,0,0,0,0,0,0
WSI/7/22.jpg,0,0,0,0,0,0,1,0,0,0,0
WSI/1/321.jpg,1,0,0,0,0,0,0,0,0,0,0
WSI/3/680.jpg,0,0,1,0,0,0,0,0,0,0,0
WSI/9/777.jpg,0,0,0,0,0,0,0,0,1,0,0
WSI/10/1476.jpg,0,0,0,0,0,0,0,0,0,1,0
WSI/10/958.jpg,0,0,0,0,0,0,0,0,0,1,0
WSI/3/987.jpg,0,0,1,0,0,0,0,0,0,0,0
WSI/11/492.jpg,0,0,0,0,0,0,0,0,0,0,1
WSI/2/627.jpg,0,1,0,0,0,0,0,0,0,0,0
WSI/7/1020.jpg,0,0,0,0,0,0,1,0,0,0,0
WSI/9/1487.jpg,0,0,0,0,0,0,0,0,1,0,0
WSI/10/1400.jpg,0,0,0,0,0,0,0,0,0,1,0
WSI/6/383.jpg,0,0,0,0,0,1,0,0,0,0,0
WSI/7/1319.jpg,0,0,0,0,0,0,1,0,0,0,0
WSI/1/554.jpg,1,0,0,0,0,0,0,0,0,0,0
WSI/7/1603.jpg,0,0,0,0,0,0,1,0,0,0,0
WSI/1/134.jpg,1,0,0,0,0,0,0,0,0,0,0
WSI/4/1536.jpg,0,0,0,1,0,0,0,0,0,0,0
WSI/6/1005.jpg,0,0,0,0,0,1,0,0,0,0,0
WSI/10/1573.jpg,0,0,0,0,0,0,0,0,0,1,0
WSI/5/1497.jpg,0,0,0,0,1,0,0,0,0,0,0
WSI/1/145.jpg,1,0,0,0,0,0,0,0,0,0,0
WSI/7/1251.jpg,0,0,0,0,0,0,1,0,0,0,0
WSI/2/919.jpg,0,1,0,0,0,0,0,0,0,0,0
WSI/1/1572.jpg,1,0,0,0,0,0,0,0,0,0,0
WSI/9/819.jpg,0,0,0,0,0,0,0,0,1,0,0
WSI/5/386.jpg,0,0,0,0,1,0,0,0,0,0,0
WSI/4/615.jpg,0,0,0,1,0,0,0,0,0,0,0
WSI/10/1404.jpg,0,0,0,0,0,0,0,0,0,1,0
WSI/1/96.jpg,1,0,0,0,0,0,0,0,0,0,0
WSI/1/90.jpg,1,0,0,0,0,0,0,0,0,0,0
WSI/1/213.jpg,1,0,0,0,0,0,0,0,0,0,0
WSI/7/913.jpg,0,0,0,0,0,0,1,0,0,0,0
WSI/1/512.jpg,1,0,0,0,0,0,0,0,0,0,0
WSI/7/1647.jpg,0,0,0,0,0,0,1,0,0,0,0
WSI/2/903.jpg,0,1,0,0,0,0,0,0,0,0,0
WSI/8/243.jpg,0,0,0,0,0,0,0,1,0,0,0
WSI/2/178.jpg,0,1,0,0,0,0,0,0,0,0,0
WSI/10/1307.jpg,0,0,0,0,0,0,0,0,0,1,0
WSI/10/630.jpg,0,0,0,0,0,0,0,0,0,1,0
WSI/11/1260.jpg,0,0,0,0,0,0,0,0,0,0,1
WSI/2/131.jpg,0,1,0,0,0,0,0,0,0,0,0
WSI/4/558.jpg,0,0,0,1,0,0,0,0,0,0,0
WSI/11/1471.jpg,0,0,0,0,0,0,0,0,0,0,1
WSI/5/141.jpg,0,0,0,0,1,0,0,0,0,0,0
WSI/1/381.jpg,1,0,0,0,0,0,0,0,0,0,0
WSI/8/1003.jpg,0,0,0,0,0,0,0,1,0,0,0
WSI/4/1445.jpg,0,0,0,1,0,0,0,0,0,0,0
WSI/5/612.jpg,0,0,0,0,1,0,0,0,0,0,0
WSI/5/166.jpg,0,0,0,0,1,0,0,0,0,0,0
WSI/6/1296.jpg,0,0,0,0,0,1,0,0,0,0,0
WSI/1/420.jpg,1,0,0,0,0,0,0,0,0,0,0
WSI/2/1167.jpg,0,1,0,0,0,0,0,0,0,0,0
WSI/1/1643.jpg,1,0,0,0,0,0,0,0,0,0,0
WSI/8/737.jpg,0,0,0,0,0,0,0,1,0,0,0
WSI/9/1503.jpg,0,0,0,0,0,0,0,0,1,0,0
WSI/9/1012.jpg,0,0,0,0,0,0,0,0,1,0,0
WSI/11/1245.jpg,0,0,0,0,0,0,0,0,0,0,1
WSI/8/222.jpg,0,0,0,0,0,0,0,1,0,0,0
WSI/8/1346.jpg,0,0,0,0,0,0,0,1,0,0,0
WSI/8/1024.jpg,0,0,0,0,0,0,0,1,0,0,0
WSI/4/1641.jpg,0,0,0,1,0,0,0,0,0,0,0
WSI/4/1408.jpg,0,0,0,1,0,0,0,0,0,0,0
WSI/11/708.jpg,0,0,0,0,0,0,0,0,0,0,1
WSI/10/456.jpg,0,0,0,0,0,0,0,0,0,1,0
WSI/8/1201.jpg,0,0,0,0,0,0,0,1,0,0,0
WSI/10/855.jpg,0,0,0,0,0,0,0,0,0,1,0
WSI/11/1248.jpg,0,0,0,0,0,0,0,0,0,0,1
WSI/5/1063.jpg,0,0,0,0,1,0,0,0,0,0,0
WSI/1/718.jpg,1,0,0,0,0,0,0,0,0,0,0
WSI/8/950.jpg,0,0,0,0,0,0,0,1,0,0,0
WSI/3/750.jpg,0,0,1,0,0,0,0,0,0,0,0
WSI/10/637.jpg,0,0,0,0,0,0,0,0,0,1,0
WSI/8/1153.jpg,0,0,0,0,0,0,0,1,0,0,0
WSI/7/1068.jpg,0,0,0,0,0,0,1,0,0,0,0
WSI/1/1605.jpg,1,0,0,0,0,0,0,0,0,0,0
WSI/1/345.jpg,1,0,0,0,0,0,0,0,0,0,0
WSI/5/260.jpg,0,0,0,0,1,0,0,0,0,0,0
WSI/1/130.jpg,1,0,0,0,0,0,0,0,0,0,0
WSI/4/473.jpg,0,0,0,1,0,0,0,0,0,0,0
WSI/8/1197.jpg,0,0,0,0,0,0,0,1,0,0,0
WSI/2/1311.jpg,0,1,0,0,0,0,0,0,0,0,0
WSI/2/1309.jpg,0,1,0,0,0,0,0,0,0,0,0
WSI/4/216.jpg,0,0,0,1,0,0,0,0,0,0,0
WSI/4/1203.jpg,0,0,0,1,0,0,0,0,0,0,0
WSI/5/734.jpg,0,0,0,0,1,0,0,0,0,0,0
WSI/7/1482.jpg,0,0,0,0,0,0,1,0,0,0,0
WSI/5/888.jpg,0,0,0,0,1,0,0,0,0,0,0
WSI/6/439.jpg,0,0,0,0,0,1,0,0,0,0,0
WSI/1/201.jpg,1,0,0,0,0,0,0,0,0,0,0
WSI/1/241.jpg,1,0,0,0,0,0,0,0,0,0,0
WSI/5/1594.jpg,0,0,0,0,1,0,0,0,0,0,0
WSI/1/24.jpg,1,0,0,0,0,0,0,0,0,0,0
WSI/2/1437.jpg,0,1,0,0,0,0,0,0,0,0,0
WSI/6/1013.jpg,0,0,0,0,0,1,0,0,0,0,0
WSI/3/780.jpg,0,0,1,0,0,0,0,0,0,0,0
WSI/9/463.jpg,0,0,0,0,0,0,0,0,1,0,0
WSI/6/838.jpg,0,0,0,0,0,1,0,0,0,0,0
WSI/2/1170.jpg,0,1,0,0,0,0,0,0,0,0,0
WSI/4/214.jpg,0,0,0,1,0,0,0,0,0,0,0
WSI/3/469.jpg,0,0,1,0,0,0,0,0,0,0,0
WSI/5/897.jpg,0,0,0,0,1,0,0,0,0,0,0
WSI/5/937.jpg,0,0,0,0,1,0,0,0,0,0,0
WSI/7/588.jpg,0,0,0,0,0,0,1,0,0,0,0
WSI/7/1552.jpg,0,0,0,0,0,0,1,0,0,0,0
WSI/11/814.jpg,0,0,0,0,0,0,0,0,0,0,1
WSI/8/275.jpg,0,0,0,0,0,0,0,1,0,0,0
WSI/6/1130.jpg,0,0,0,0,0,1,0,0,0,0,0
WSI/8/28.jpg,0,0,0,0,0,0,0,1,0,0,0
WSI/1/449.jpg,1,0,0,0,0,0,0,0,0,0,0
WSI/3/1626.jpg,0,0,1,0,0,0,0,0,0,0,0
WSI/5/1570.jpg,0,0,0,0,1,0,0,0,0,0,0
WSI/3/912.jpg,0,0,1,0,0,0,0,0,0,0,0
WSI/6/1398.jpg,0,0,0,0,0,1,0,0,0,0,0
WSI/4/720.jpg,0,0,0,1,0,0,0,0,0,0,0
WSI/7/1524.jpg,0,0,0,0,0,0,1,0,0,0,0
WSI/7/1252.jpg,0,0,0,0,0,0,1,0,0,0,0
WSI/1/1538.jpg,1,0,0,0,0,0,0,0,0,0,0
WSI/10/98.jpg,0,0,0,0,0,0,0,0,0,1,0
WSI/5/1049.jpg,0,0,0,0,1,0,0,0,0,0,0
WSI/4/294.jpg,0,0,0,1,0,0,0,0,0,0,0
WSI/6/284.jpg,0,0,0,0,0,1,0,0,0,0,0
WSI/10/540.jpg,0,0,0,0,0,0,0,0,0,1,0
WSI/10/347.jpg,0,0,0,0,0,0,0,0,0,1,0
WSI/10/1080.jpg,0,0,0,0,0,0,0,0,0,1,0
WSI/9/1505.jpg,0,0,0,0,0,0,0,0,1,0,0
WSI/11/634.jpg,0,0,0,0,0,0,0,0,0,0,1
WSI/8/1079.jpg,0,0,0,0,0,0,0,1,0,0,0
WSI/1/724.jpg,1,0,0,0,0,0,0,0,0,0,0
WSI/7/1278.jpg,0,0,0,0,0,0,1,0,0,0,0
WSI/8/1581.jpg,0,0,0,0,0,0,0,1,0,0,0
WSI/10/638.jpg,0,0,0,0,0,0,0,0,0,1,0
WSI/9/47.jpg,0,0,0,0,0,0,0,0,1,0,0
WSI/7/870.jpg,0,0,0,0,0,0,1,0,0,0,0
WSI/6/552.jpg,0,0,0,0,0,1,0,0,0,0,0
WSI/1/1061.jpg,1,0,0,0,0,0,0,0,0,0,0
WSI/2/1312.jpg,0,1,0,0,0,0,0,0,0,0,0
WSI/5/703.jpg,0,0,0,0,1,0,0,0,0,0,0
WSI/4/113.jpg,0,0,0,1,0,0,0,0,0,0,0
WSI/10/739.jpg,0,0,0,0,0,0,0,0,0,1,0
WSI/5/1325.jpg,0,0,0,0,1,0,0,0,0,0,0
WSI/3/148.jpg,0,0,1,0,0,0,0,0,0,0,0
WSI/11/709.jpg,0,0,0,0,0,0,0,0,0,0,1
WSI/7/389.jpg,0,0,0,0,0,0,1,0,0,0,0
WSI/7/782.jpg,0,0,0,0,0,0,1,0,0,0,0
WSI/3/1046.jpg,0,0,1,0,0,0,0,0,0,0,0
WSI/8/1639.jpg,0,0,0,0,0,0,0,1,0,0,0
WSI/8/1123.jpg,0,0,0,0,0,0,0,1,0,0,0
WSI/2/1466.jpg,0,1,0,0,0,0,0,0,0,0,0
WSI/4/1288.jpg,0,0,0,1,0,0,0,0,0,0,0
WSI/9/1369.jpg,0,0,0,0,0,0,0,0,1,0,0
WSI/10/1069.jpg,0,0,0,0,0,0,0,0,0,1,0
WSI/2/426.jpg,0,1,0,0,0,0,0,0,0,0,0
WSI/7/1065.jpg,0,0,0,0,0,0,1,0,0,0,0
WSI/4/1455.jpg,0,0,0,1,0,0,0,0,0,0,0
WSI/9/1448.jpg,0,0,0,0,0,0,0,0,1,0,0
WSI/5/1194.jpg,0,0,0,0,1,0,0,0,0,0,0
WSI/4/1397.jpg,0,0,0,1,0,0,0,0,0,0,0
WSI/2/890.jpg,0,1,0,0,0,0,0,0,0,0,0
WSI/10/137.jpg,0,0,0,0,0,0,0,0,0,1,0
WSI/9/471.jpg,0,0,0,0,0,0,0,0,1,0,0
WSI/3/999.jpg,0,0,1,0,0,0,0,0,0,0,0
WSI/7/1363.jpg,0,0,0,0,0,0,1,0,0,0,0
WSI/6/602.jpg,0,0,0,0,0,1,0,0,0,0,0
WSI/5/586.jpg,0,0,0,0,1,0,0,0,0,0,0
WSI/5/859.jpg,0,0,0,0,1,0,0,0,0,0,0
WSI/9/796.jpg,0,0,0,0,0,0,0,0,1,0,0
WSI/1/1041.jpg,1,0,0,0,0,0,0,0,0,0,0
WSI/5/476.jpg,0,0,0,0,1,0,0,0,0,0,0
WSI/3/685.jpg,0,0,1,0,0,0,0,0,0,0,0
WSI/7/1620.jpg,0,0,0,0,0,0,1,0,0,0,0
WSI/11/483.jpg,0,0,0,0,0,0,0,0,0,0,1
WSI/4/346.jpg,0,0,0,1,0,0,0,0,0,0,0
WSI/4/1441.jpg,0,0,0,1,0,0,0,0,0,0,0
WSI/11/1429.jpg,0,0,0,0,0,0,0,0,0,0,1
WSI/6/651.jpg,0,0,0,0,0,1,0,0,0,0,0
WSI/7/1555.jpg,0,0,0,0,0,0,1,0,0,0,0
WSI/7/1205.jpg,0,0,0,0,0,0,1,0,0,0,0
WSI/10/8.jpg,0,0,0,0,0,0,0,0,0,1,0
WSI/9/459.jpg,0,0,0,0,0,0,0,0,1,0,0
WSI/7/304.jpg,0,0,0,0,0,0,1,0,0,0,0
WSI/11/597.jpg,0,0,0,0,0,0,0,0,0,0,1
WSI/7/1461.jpg,0,0,0,0,0,0,1,0,0,0,0
WSI/6/1059.jpg,0,0,0,0,0,1,0,0,0,0,0
WSI/10/1027.jpg,0,0,0,0,0,0,0,0,0,1,0
WSI/2/78.jpg,0,1,0,0,0,0,0,0,0,0,0
WSI/7/1406.jpg,0,0,0,0,0,0,1,0,0,0,0
WSI/10/445.jpg,0,0,0,0,0,0,0,0,0,1,0
WSI/7/1227.jpg,0,0,0,0,0,0,1,0,0,0,0
WSI/9/369.jpg,0,0,0,0,0,0,0,0,1,0,0
WSI/2/1266.jpg,0,1,0,0,0,0,0,0,0,0,0
WSI/2/846.jpg,0,1,0,0,0,0,0,0,0,0,0
WSI/8/600.jpg,0,0,0,0,0,0,0,1,0,0,0
WSI/10/365.jpg,0,0,0,0,0,0,0,0,0,1,0
WSI/6/440.jpg,0,0,0,0,0,1,0,0,0,0,0
WSI/10/4.jpg,0,0,0,0,0,0,0,0,0,1,0
WSI/8/1601.jpg,0,0,0,0,0,0,0,1,0,0,0
WSI/8/237.jpg,0,0,0,0,0,0,0,1,0,0,0
WSI/10/199.jpg,0,0,0,0,0,0,0,0,0,1,0
WSI/5/1374.jpg,0,0,0,0,1,0,0,0,0,0,0
WSI/1/212.jpg,1,0,0,0,0,0,0,0,0,0,0
WSI/10/1127.jpg,0,0,0,0,0,0,0,0,0,1,0
WSI/4/608.jpg,0,0,0,1,0,0,0,0,0,0,0
WSI/5/907.jpg,0,0,0,0,1,0,0,0,0,0,0
WSI/7/1342.jpg,0,0,0,0,0,0,1,0,0,0,0
WSI/3/742.jpg,0,0,1,0,0,0,0,0,0,0,0
WSI/7/1586.jpg,0,0,0,0,0,0,1,0,0,0,0
WSI/3/1010.jpg,0,0,1,0,0,0,0,0,0,0,0
WSI/5/967.jpg,0,0,0,0,1,0,0,0,0,0,0
WSI/1/905.jpg,1,0,0,0,0,0,0,0,0,0,0
WSI/8/1207.jpg,0,0,0,0,0,0,0,1,0,0,0
WSI/5/436.jpg,0,0,0,0,1,0,0,0,0,0,0
WSI/8/1568.jpg,0,0,0,0,0,0,0,1,0,0,0
WSI/4/676.jpg,0,0,0,1,0,0,0,0,0,0,0
WSI/11/923.jpg,0,0,0,0,0,0,0,0,0,0,1
WSI/11/571.jpg,0,0,0,0,0,0,0,0,0,0,1
WSI/2/530.jpg,0,1,0,0,0,0,0,0,0,0,0
WSI/7/407.jpg,0,0,0,0,0,0,1,0,0,0,0
WSI/2/486.jpg,0,1,0,0,0,0,0,0,0,0,0
WSI/8/559.jpg,0,0,0,0,0,0,0,1,0,0,0
WSI/11/329.jpg,0,0,0,0,0,0,0,0,0,0,1
WSI/8/527.jpg,0,0,0,0,0,0,0,1,0,0,0
WSI/11/698.jpg,0,0,0,0,0,0,0,0,0,0,1
WSI/1/1001.jpg,1,0,0,0,0,0,0,0,0,0,0
WSI/6/960.jpg,0,0,0,0,0,1,0,0,0,0,0
WSI/11/506.jpg,0,0,0,0,0,0,0,0,0,0,1
WSI/5/1516.jpg,0,0,0,0,1,0,0,0,0,0,0
WSI/4/723.jpg,0,0,0,1,0,0,0,0,0,0,0
WSI/9/250.jpg,0,0,0,0,0,0,0,0,1,0,0
WSI/2/1590.jpg,0,1,0,0,0,0,0,0,0,0,0
WSI/8/1602.jpg,0,0,0,0,0,0,0,1,0,0,0
WSI/1/1464.jpg,1,0,0,0,0,0,0,0,0,0,0
WSI/3/411.jpg,0,0,1,0,0,0,0,0,0,0,0
WSI/8/296.jpg,0,0,0,0,0,0,0,1,0,0,0
WSI/6/944.jpg,0,0,0,0,0,1,0,0,0,0,0
WSI/3/562.jpg,0,0,1,0,0,0,0,0,0,0,0
WSI/10/1351.jpg,0,0,0,0,0,0,0,0,0,1,0
WSI/2/1316.jpg,0,1,0,0,0,0,0,0,0,0,0
WSI/1/845.jpg,1,0,0,0,0,0,0,0,0,0,0
WSI/1/1329.jpg,1,0,0,0,0,0,0,0,0,0,0
WSI/2/835.jpg,0,1,0,0,0,0,0,0,0,0,0
WSI/5/107.jpg,0,0,0,0,1,0,0,0,0,0,0
WSI/4/1195.jpg,0,0,0,1,0,0,0,0,0,0,0
WSI/1/302.jpg,1,0,0,0,0,0,0,0,0,0,0
WSI/9/5.jpg,0,0,0,0,0,0,0,0,1,0,0
WSI/10/1399.jpg,0,0,0,0,0,0,0,0,0,1,0
WSI/5/1277.jpg,0,0,0,0,1,0,0,0,0,0,0
WSI/6/268.jpg,0,0,0,0,0,1,0,0,0,0,0
WSI/4/392.jpg,0,0,0,1,0,0,0,0,0,0,0
WSI/11/984.jpg,0,0,0,0,0,0,0,0,0,0,1
WSI/10/64.jpg,0,0,0,0,0,0,0,0,0,1,0
WSI/1/1592.jpg,1,0,0,0,0,0,0,0,0,0,0
WSI/4/487.jpg,0,0,0,1,0,0,0,0,0,0,0
WSI/1/899.jpg,1,0,0,0,0,0,0,0,0,0,0
WSI/11/1216.jpg,0,0,0,0,0,0,0,0,0,0,1
WSI/9/822.jpg,0,0,0,0,0,0,0,0,1,0,0
WSI/11/1389.jpg,0,0,0,0,0,0,0,0,0,0,1
WSI/9/640.jpg,0,0,0,0,0,0,0,0,1,0,0
WSI/7/1119.jpg,0,0,0,0,0,0,1,0,0,0,0
WSI/2/414.jpg,0,1,0,0,0,0,0,0,0,0,0
WSI/11/236.jpg,0,0,0,0,0,0,0,0,0,0,1
WSI/4/748.jpg,0,0,0,1,0,0,0,0,0,0,0
WSI/11/523.jpg,0,0,0,0,0,0,0,0,0,0,1
WSI/2/379.jpg,0,1,0,0,0,0,0,0,0,0,0
WSI/9/1496.jpg,0,0,0,0,0,0,0,0,1,0,0
WSI/11/233.jpg,0,0,0,0,0,0,0,0,0,0,1
WSI/2/1043.jpg,0,1,0,0,0,0,0,0,0,0,0
WSI/10/1285.jpg,0,0,0,0,0,0,0,0,0,1,0
WSI/1/1264.jpg,1,0,0,0,0,0,0,0,0,0,0
WSI/6/1484.jpg,0,0,0,0,0,1,0,0,0,0,0
WSI/9/1067.jpg,0,0,0,0,0,0,0,0,1,0,0
WSI/5/521.jpg,0,0,0,0,1,0,0,0,0,0,0
WSI/10/1336.jpg,0,0,0,0,0,0,0,0,0,1,0
WSI/5/183.jpg,0,0,0,0,1,0,0,0,0,0,0
WSI/2/313.jpg,0,1,0,0,0,0,0,0,0,0,0
WSI/5/654.jpg,0,0,0,0,1,0,0,0,0,0,0
WSI/3/1402.jpg,0,0,1,0,0,0,0,0,0,0,0
WSI/4/1545.jpg,0,0,0,1,0,0,0,0,0,0,0
WSI/3/609.jpg,0,0,1,0,0,0,0,0,0,0,0
WSI/10/453.jpg,0,0,0,0,0,0,0,0,0,1,0
WSI/4/1405.jpg,0,0,0,1,0,0,0,0,0,0,0
WSI/7/1076.jpg,0,0,0,0,0,0,1,0,0,0,0
WSI/8/1066.jpg,0,0,0,0,0,0,0,1,0,0,0
WSI/5/442.jpg,0,0,0,0,1,0,0,0,0,0,0
WSI/1/548.jpg,1,0,0,0,0,0,0,0,0,0,0
WSI/3/1189.jpg,0,0,1,0,0,0,0,0,0,0,0
WSI/5/1413.jpg,0,0,0,0,1,0,0,0,0,0,0
WSI/5/535.jpg,0,0,0,0,1,0,0,0,0,0,0
WSI/6/27.jpg,0,0,0,0,0,1,0,0,0,0,0
WSI/5/1364.jpg,0,0,0,0,1,0,0,0,0,0,0
WSI/8/1377.jpg,0,0,0,0,0,0,0,1,0,0,0
WSI/5/1038.jpg,0,0,0,0,1,0,0,0,0,0,0
WSI/4/1425.jpg,0,0,0,1,0,0,0,0,0,0,0
WSI/4/1214.jpg,0,0,0,1,0,0,0,0,0,0,0
WSI/2/1422.jpg,0,1,0,0,0,0,0,0,0,0,0
WSI/10/843.jpg,0,0,0,0,0,0,0,0,0,1,0
WSI/1/1645.jpg,1,0,0,0,0,0,0,0,0,0,0
WSI/2/1308.jpg,0,1,0,0,0,0,0,0,0,0,0
WSI/11/716.jpg,0,0,0,0,0,0,0,0,0,0,1
WSI/10/1366.jpg,0,0,0,0,0,0,0,0,0,1,0
WSI/6/163.jpg,0,0,0,0,0,1,0,0,0,0,0
WSI/8/350.jpg,0,0,0,0,0,0,0,1,0,0,0
WSI/9/818.jpg,0,0,0,0,0,0,0,0,1,0,0
WSI/6/490.jpg,0,0,0,0,0,1,0,0,0,0,0
WSI/3/1517.jpg,0,0,1,0,0,0,0,0,0,0,0
WSI/1/151.jpg,1,0,0,0,0,0,0,0,0,0,0
WSI/5/1231.jpg,0,0,0,0,1,0,0,0,0,0,0
WSI/7/1225.jpg,0,0,0,0,0,0,1,0,0,0,0
WSI/9/1546.jpg,0,0,0,0,0,0,0,0,1,0,0
WSI/10/955.jpg,0,0,0,0,0,0,0,0,0,1,0
WSI/1/1322.jpg,1,0,0,0,0,0,0,0,0,0,0
WSI/3/648.jpg,0,0,1,0,0,0,0,0,0,0,0
WSI/8/929.jpg,0,0,0,0,0,0,0,1,0,0,0
WSI/7/1140.jpg,0,0,0,0,0,0,1,0,0,0,0
WSI/5/872.jpg,0,0,0,0,1,0,0,0,0,0,0
WSI/4/1446.jpg,0,0,0,1,0,0,0,0,0,0,0
WSI/10/1449.jpg,0,0,0,0,0,0,0,0,0,1,0
WSI/5/244.jpg,0,0,0,0,1,0,0,0,0,0,0
WSI/2/143.jpg,0,1,0,0,0,0,0,0,0,0,0
WSI/3/752.jpg,0,0,1,0,0,0,0,0,0,0,0
WSI/4/1637.jpg,0,0,0,1,0,0,0,0,0,0,0
WSI/8/930.jpg,0,0,0,0,0,0,0,1,0,0,0
WSI/4/138.jpg,0,0,0,1,0,0,0,0,0,0,0
WSI/11/959.jpg,0,0,0,0,0,0,0,0,0,0,1
WSI/4/700.jpg,0,0,0,1,0,0,0,0,0,0,0
WSI/3/203.jpg,0,0,1,0,0,0,0,0,0,0,0
WSI/1/60.jpg,1,0,0,0,0,0,0,0,0,0,0
WSI/2/1016.jpg,0,1,0,0,0,0,0,0,0,0,0
WSI/9/374.jpg,0,0,0,0,0,0,0,0,1,0,0
WSI/5/763.jpg,0,0,0,0,1,0,0,0,0,0,0
WSI/3/1608.jpg,0,0,1,0,0,0,0,0,0,0,0
WSI/9/44.jpg,0,0,0,0,0,0,0,0,1,0,0
WSI/1/290.jpg,1,0,0,0,0,0,0,0,0,0,0
WSI/5/1028.jpg,0,0,0,0,1,0,0,0,0,0,0
WSI/7/1530.jpg,0,0,0,0,0,0,1,0,0,0,0
WSI/9/43.jpg,0,0,0,0,0,0,0,0,1,0,0
WSI/4/1574.jpg,0,0,0,1,0,0,0,0,0,0,0
WSI/2/41.jpg,0,1,0,0,0,0,0,0,0,0,0
WSI/1/1075.jpg,1,0,0,0,0,0,0,0,0,0,0
WSI/11/719.jpg,0,0,0,0,0,0,0,0,0,0,1
WSI/11/1053.jpg,0,0,0,0,0,0,0,0,0,0,1
WSI/6/364.jpg,0,0,0,0,0,1,0,0,0,0,0
WSI/3/940.jpg,0,0,1,0,0,0,0,0,0,0,0
WSI/8/1107.jpg,0,0,0,0,0,0,0,1,0,0,0
WSI/9/1510.jpg,0,0,0,0,0,0,0,0,1,0,0
WSI/3/933.jpg,0,0,1,0,0,0,0,0,0,0,0
WSI/5/1039.jpg,0,0,0,0,1,0,0,0,0,0,0
WSI/10/1213.jpg,0,0,0,0,0,0,0,0,0,1,0
WSI/5/152.jpg,0,0,0,0,1,0,0,0,0,0,0
WSI/7/537.jpg,0,0,0,0,0,0,1,0,0,0,0
WSI/10/79.jpg,0,0,0,0,0,0,0,0,0,1,0
WSI/11/1472.jpg,0,0,0,0,0,0,0,0,0,0,1
WSI/9/1547.jpg,0,0,0,0,0,0,0,0,1,0,0
WSI/6/1500.jpg,0,0,0,0,0,1,0,0,0,0,0
WSI/2/585.jpg,0,1,0,0,0,0,0,0,0,0,0
WSI/6/1218.jpg,0,0,0,0,0,1,0,0,0,0,0
WSI/4/195.jpg,0,0,0,1,0,0,0,0,0,0,0
WSI/8/604.jpg,0,0,0,0,0,0,0,1,0,0,0
WSI/4/1640.jpg,0,0,0,1,0,0,0,0,0,0,0
WSI/8/1621.jpg,0,0,0,0,0,0,0,1,0,0,0
WSI/2/679.jpg,0,1,0,0,0,0,0,0,0,0,0
WSI/1/1210.jpg,1,0,0,0,0,0,0,0,0,0,0
WSI/11/402.jpg,0,0,0,0,0,0,0,0,0,0,1
WSI/8/1532.jpg,0,0,0,0,0,0,0,1,0,0,0
WSI/11/235.jpg,0,0,0,0,0,0,0,0,0,0,1
WSI/2/1133.jpg,0,1,0,0,0,0,0,0,0,0,0
WSI/2/1587.jpg,0,1,0,0,0,0,0,0,0,0,0
WSI/10/267.jpg,0,0,0,0,0,0,0,0,0,1,0
WSI/5/181.jpg,0,0,0,0,1,0,0,0,0,0,0
WSI/8/434.jpg,0,0,0,0,0,0,0,1,0,0,0
WSI/6/1128.jpg,0,0,0,0,0,1,0,0,0,0,0
WSI/9/568.jpg,0,0,0,0,0,0,0,0,1,0,0
WSI/1/322.jpg,1,0,0,0,0,0,0,0,0,0,0
WSI/6/111.jpg,0,0,0,0,0,1,0,0,0,0,0
WSI/6/399.jpg,0,0,0,0,0,1,0,0,0,0,0
WSI/6/623.jpg,0,0,0,0,0,1,0,0,0,0,0
WSI/3/991.jpg,0,0,1,0,0,0,0,0,0,0,0
WSI/8/747.jpg,0,0,0,0,0,0,0,1,0,0,0
WSI/6/1008.jpg,0,0,0,0,0,1,0,0,0,0,0
WSI/10/1172.jpg,0,0,0,0,0,0,0,0,0,1,0
WSI/6/671.jpg,0,0,0,0,0,1,0,0,0,0,0
WSI/9/46.jpg,0,0,0,0,0,0,0,0,1,0,0
WSI/9/821.jpg,0,0,0,0,0,0,0,0,1,0,0
WSI/4/401.jpg,0,0,0,1,0,0,0,0,0,0,0
WSI/3/1289.jpg,0,0,1,0,0,0,0,0,0,0,0
WSI/4/1096.jpg,0,0,0,1,0,0,0,0,0,0,0
WSI/8/1313.jpg,0,0,0,0,0,0,0,1,0,0,0
WSI/2/280.jpg,0,1,0,0,0,0,0,0,0,0,0
WSI/3/1048.jpg,0,0,1,0,0,0,0,0,0,0,0
WSI/6/978.jpg,0,0,0,0,0,1,0,0,0,0,0
WSI/6/848.jpg,0,0,0,0,0,1,0,0,0,0,0
WSI/4/479.jpg,0,0,0,1,0,0,0,0,0,0,0
WSI/2/565.jpg,0,1,0,0,0,0,0,0,0,0,0
WSI/3/382.jpg,0,0,1,0,0,0,0,0,0,0,0
WSI/7/1093.jpg,0,0,0,0,0,0,1,0,0,0,0
WSI/8/69.jpg,0,0,0,0,0,0,0,1,0,0,0
WSI/7/1077.jpg,0,0,0,0,0,0,1,0,0,0,0
WSI/4/404.jpg,0,0,0,1,0,0,0,0,0,0,0
WSI/1/684.jpg,1,0,0,0,0,0,0,0,0,0,0
WSI/4/1468.jpg,0,0,0,1,0,0,0,0,0,0,0
WSI/6/520.jpg,0,0,0,0,0,1,0,0,0,0,0
WSI/4/733.jpg,0,0,0,1,0,0,0,0,0,0,0
WSI/1/73.jpg,1,0,0,0,0,0,0,0,0,0,0
WSI/3/603.jpg,0,0,1,0,0,0,0,0,0,0,0
WSI/9/371.jpg,0,0,0,0,0,0,0,0,1,0,0
WSI/3/398.jpg,0,0,1,0,0,0,0,0,0,0,0
WSI/11/594.jpg,0,0,0,0,0,0,0,0,0,0,1
WSI/10/873.jpg,0,0,0,0,0,0,0,0,0,1,0
WSI/3/598.jpg,0,0,1,0,0,0,0,0,0,0,0
WSI/5/443.jpg,0,0,0,0,1,0,0,0,0,0,0
WSI/4/672.jpg,0,0,0,1,0,0,0,0,0,0,0
WSI/5/1192.jpg,0,0,0,0,1,0,0,0,0,0,0
WSI/1/1395.jpg,1,0,0,0,0,0,0,0,0,0,0
WSI/8/188.jpg,0,0,0,0,0,0,0,1,0,0,0
WSI/5/99.jpg,0,0,0,0,1,0,0,0,0,0,0
WSI/5/1280.jpg,0,0,0,0,1,0,0,0,0,0,0
WSI/4/223.jpg,0,0,0,1,0,0,0,0,0,0,0
WSI/9/981.jpg,0,0,0,0,0,0,0,0,1,0,0
WSI/1/1029.jpg,1,0,0,0,0,0,0,0,0,0,0
WSI/6/1056.jpg,0,0,0,0,0,1,0,0,0,0,0
WSI/8/255.jpg,0,0,0,0,0,0,0,1,0,0,0
WSI/10/833.jpg,0,0,0,0,0,0,0,0,0,1,0
WSI/7/446.jpg,0,0,0,0,0,0,1,0,0,0,0
WSI/9/1162.jpg,0,0,0,0,0,0,0,0,1,0,0
WSI/2/1302.jpg,0,1,0,0,0,0,0,0,0,0,0
WSI/6/1052.jpg,0,0,0,0,0,1,0,0,0,0,0
WSI/6/488.jpg,0,0,0,0,0,1,0,0,0,0,0
WSI/4/803.jpg,0,0,0,1,0,0,0,0,0,0,0
WSI/8/71.jpg,0,0,0,0,0,0,0,1,0,0,0
WSI/11/1247.jpg,0,0,0,0,0,0,0,0,0,0,1
WSI/8/1630.jpg,0,0,0,0,0,0,0,1,0,0,0
WSI/11/1338.jpg,0,0,0,0,0,0,0,0,0,0,1
WSI/10/1137.jpg,0,0,0,0,0,0,0,0,0,1,0
WSI/7/1073.jpg,0,0,0,0,0,0,1,0,0,0,0
WSI/3/1240.jpg,0,0,1,0,0,0,0,0,0,0,0
WSI/1/1434.jpg,1,0,0,0,0,0,0,0,0,0,0
WSI/7/262.jpg,0,0,0,0,0,0,1,0,0,0,0
WSI/4/1332.jpg,0,0,0,1,0,0,0,0,0,0,0
WSI/4/753.jpg,0,0,0,1,0,0,0,0,0,0,0
WSI/6/830.jpg,0,0,0,0,0,1,0,0,0,0,0
WSI/7/1222.jpg,0,0,0,0,0,0,1,0,0,0,0
WSI/2/1576.jpg,0,1,0,0,0,0,0,0,0,0,0
WSI/5/786.jpg,0,0,0,0,1,0,0,0,0,0,0
WSI/3/567.jpg,0,0,1,0,0,0,0,0,0,0,0
WSI/11/730.jpg,0,0,0,0,0,0,0,0,0,0,1
WSI/2/563.jpg,0,1,0,0,0,0,0,0,0,0,0
WSI/11/1383.jpg,0,0,0,0,0,0,0,0,0,0,1
WSI/1/1179.jpg,1,0,0,0,0,0,0,0,0,0,0
WSI/3/84.jpg,0,0,1,0,0,0,0,0,0,0,0
WSI/1/1305.jpg,1,0,0,0,0,0,0,0,0,0,0
WSI/5/1553.jpg,0,0,0,0,1,0,0,0,0,0,0
WSI/4/722.jpg,0,0,0,1,0,0,0,0,0,0,0
WSI/8/877.jpg,0,0,0,0,0,0,0,1,0,0,0
WSI/11/922.jpg,0,0,0,0,0,0,0,0,0,0,1
WSI/5/256.jpg,0,0,0,0,1,0,0,0,0,0,0
WSI/2/882.jpg,0,1,0,0,0,0,0,0,0,0,0
WSI/4/1629.jpg,0,0,0,1,0,0,0,0,0,0,0
WSI/6/344.jpg,0,0,0,0,0,1,0,0,0,0,0
WSI/7/1580.jpg,0,0,0,0,0,0,1,0,0,0,0
WSI/10/581.jpg,0,0,0,0,0,0,0,0,0,1,0
WSI/6/900.jpg,0,0,0,0,0,1,0,0,0,0,0
WSI/4/362.jpg,0,0,0,1,0,0,0,0,0,0,0
WSI/2/301.jpg,0,1,0,0,0,0,0,0,0,0,0
WSI/10/1181.jpg,0,0,0,0,0,0,0,0,0,1,0
WSI/5/726.jpg,0,0,0,0,1,0,0,0,0,0,0
WSI/5/1051.jpg,0,0,0,0,1,0,0,0,0,0,0
WSI/3/298.jpg,0,0,1,0,0,0,0,0,0,0,0
WSI/3/857.jpg,0,0,1,0,0,0,0,0,0,0,0
WSI/3/1209.jpg,0,0,1,0,0,0,0,0,0,0,0
WSI/9/372.jpg,0,0,0,0,0,0,0,0,1,0,0
WSI/1/1168.jpg,1,0,0,0,0,0,0,0,0,0,0
WSI/1/851.jpg,1,0,0,0,0,0,0,0,0,0,0
WSI/9/691.jpg,0,0,0,0,0,0,0,0,1,0,0
WSI/5/33.jpg,0,0,0,0,1,0,0,0,0,0,0
WSI/5/889.jpg,0,0,0,0,1,0,0,0,0,0,0
WSI/9/65.jpg,0,0,0,0,0,0,0,0,1,0,0
WSI/10/1436.jpg,0,0,0,0,0,0,0,0,0,1,0
WSI/6/973.jpg,0,0,0,0,0,1,0,0,0,0,0
WSI/5/990.jpg,0,0,0,0,1,0,0,0,0,0,0
WSI/9/6.jpg,0,0,0,0,0,0,0,0,1,0,0
WSI/8/1212.jpg,0,0,0,0,0,0,0,1,0,0,0
WSI/3/1618.jpg,0,0,1,0,0,0,0,0,0,0,0
WSI/10/1380.jpg,0,0,0,0,0,0,0,0,0,1,0
WSI/11/1224.jpg,0,0,0,0,0,0,0,0,0,0,1
WSI/2/38.jpg,0,1,0,0,0,0,0,0,0,0,0
WSI/8/196.jpg,0,0,0,0,0,0,0,1,0,0,0
WSI/8/1243.jpg,0,0,0,0,0,0,0,1,0,0,0
WSI/8/1135.jpg,0,0,0,0,0,0,0,1,0,0,0
WSI/2/618.jpg,0,1,0,0,0,0,0,0,0,0,0
WSI/6/396.jpg,0,0,0,0,0,1,0,0,0,0,0
WSI/2/1591.jpg,0,1,0,0,0,0,0,0,0,0,0
WSI/10/1191.jpg,0,0,0,0,0,0,0,0,0,1,0
WSI/7/587.jpg,0,0,0,0,0,0,1,0,0,0,0
WSI/7/1549.jpg,0,0,0,0,0,0,1,0,0,0,0
WSI/1/1157.jpg,1,0,0,0,0,0,0,0,0,0,0
WSI/6/410.jpg,0,0,0,0,0,1,0,0,0,0,0
WSI/9/770.jpg,0,0,0,0,0,0,0,0,1,0,0
WSI/2/925.jpg,0,1,0,0,0,0,0,0,0,0,0
WSI/3/61.jpg,0,0,1,0,0,0,0,0,0,0,0
WSI/8/1033.jpg,0,0,0,0,0,0,0,1,0,0,0
WSI/6/128.jpg,0,0,0,0,0,1,0,0,0,0,0
WSI/8/1279.jpg,0,0,0,0,0,0,0,1,0,0,0
WSI/5/704.jpg,0,0,0,0,1,0,0,0,0,0,0
WSI/9/1557.jpg,0,0,0,0,0,0,0,0,1,0,0
WSI/11/101.jpg,0,0,0,0,0,0,0,0,0,0,1
WSI/4/447.jpg,0,0,0,1,0,0,0,0,0,0,0
WSI/10/352.jpg,0,0,0,0,0,0,0,0,0,1,0
WSI/1/125.jpg,1,0,0,0,0,0,0,0,0,0,0
WSI/2/1182.jpg,0,1,0,0,0,0,0,0,0,0,0
WSI/9/566.jpg,0,0,0,0,0,0,0,0,1,0,0
WSI/10/423.jpg,0,0,0,0,0,0,0,0,0,1,0
WSI/1/1326.jpg,1,0,0,0,0,0,0,0,0,0,0
WSI/4/1544.jpg,0,0,0,1,0,0,0,0,0,0,0
WSI/6/179.jpg,0,0,0,0,0,1,0,0,0,0,0
WSI/2/1569.jpg,0,1,0,0,0,0,0,0,0,0,0
WSI/8/160.jpg,0,0,0,0,0,0,0,1,0,0,0
WSI/9/690.jpg,0,0,0,0,0,0,0,0,1,0,0
WSI/3/88.jpg,0,0,1,0,0,0,0,0,0,0,0
WSI/9/1353.jpg,0,0,0,0,0,0,0,0,1,0,0
WSI/3/419.jpg,0,0,1,0,0,0,0,0,0,0,0
WSI/8/224.jpg,0,0,0,0,0,0,0,1,0,0,0
WSI/7/21.jpg,0,0,0,0,0,0,1,0,0,0,0
WSI/7/1104.jpg,0,0,0,0,0,0,1,0,0,0,0
WSI/8/1211.jpg,0,0,0,0,0,0,0,1,0,0,0
WSI/9/1089.jpg,0,0,0,0,0,0,0,0,1,0,0
WSI/4/474.jpg,0,0,0,1,0,0,0,0,0,0,0
WSI/10/1226.jpg,0,0,0,0,0,0,0,0,0,1,0
WSI/5/659.jpg,0,0,0,0,1,0,0,0,0,0,0
WSI/7/1407.jpg,0,0,0,0,0,0,1,0,0,0,0
WSI/4/653.jpg,0,0,0,1,0,0,0,0,0,0,0
WSI/8/1531.jpg,0,0,0,0,0,0,0,1,0,0,0
WSI/5/1281.jpg,0,0,0,0,1,0,0,0,0,0,0
WSI/5/187.jpg,0,0,0,0,1,0,0,0,0,0,0
WSI/10/1171.jpg,0,0,0,0,0,0,0,0,0,1,0
WSI/9/1271.jpg,0,0,0,0,0,0,0,0,1,0,0
WSI/2/538.jpg,0,1,0,0,0,0,0,0,0,0,0
WSI/6/962.jpg,0,0,0,0,0,1,0,0,0,0,0
WSI/7/749.jpg,0,0,0,0,0,0,1,0,0,0,0
WSI/8/1292.jpg,0,0,0,0,0,0,0,1,0,0,0
WSI/1/422.jpg,1,0,0,0,0,0,0,0,0,0,0
WSI/3/14.jpg,0,0,1,0,0,0,0,0,0,0,0
WSI/8/528.jpg,0,0,0,0,0,0,0,1,0,0,0
WSI/7/1034.jpg,0,0,0,0,0,0,1,0,0,0,0
WSI/1/1454.jpg,1,0,0,0,0,0,0,0,0,0,0
WSI/10/1159.jpg,0,0,0,0,0,0,0,0,0,1,0
WSI/11/813.jpg,0,0,0,0,0,0,0,0,0,0,1
WSI/9/775.jpg,0,0,0,0,0,0,0,0,1,0,0
WSI/10/1612.jpg,0,0,0,0,0,0,0,0,0,1,0
WSI/9/265.jpg,0,0,0,0,0,0,0,0,1,0,0
WSI/6/864.jpg,0,0,0,0,0,1,0,0,0,0,0
WSI/8/413.jpg,0,0,0,0,0,0,0,1,0,0,0
WSI/1/1042.jpg,1,0,0,0,0,0,0,0,0,0,0
WSI/6/121.jpg,0,0,0,0,0,1,0,0,0,0,0
WSI/8/876.jpg,0,0,0,0,0,0,0,1,0,0,0
WSI/6/325.jpg,0,0,0,0,0,1,0,0,0,0,0
WSI/2/1327.jpg,0,1,0,0,0,0,0,0,0,0,0
WSI/10/678.jpg,0,0,0,0,0,0,0,0,0,1,0
WSI/5/1528.jpg,0,0,0,0,1,0,0,0,0,0,0
WSI/8/633.jpg,0,0,0,0,0,0,0,1,0,0,0
WSI/5/1300.jpg,0,0,0,0,1,0,0,0,0,0,0
WSI/9/227.jpg,0,0,0,0,0,0,0,0,1,0,0
WSI/3/283.jpg,0,0,1,0,0,0,0,0,0,0,0
WSI/11/323.jpg,0,0,0,0,0,0,0,0,0,0,1
WSI/8/1638.jpg,0,0,0,0,0,0,0,1,0,0,0
WSI/10/823.jpg,0,0,0,0,0,0,0,0,0,1,0
WSI/10/1158.jpg,0,0,0,0,0,0,0,0,0,1,0
WSI/2/1578.jpg,0,1,0,0,0,0,0,0,0,0,0
WSI/3/431.jpg,0,0,1,0,0,0,0,0,0,0,0
WSI/9/784.jpg,0,0,0,0,0,0,0,0,1,0,0
WSI/9/1613.jpg,0,0,0,0,0,0,0,0,1,0,0
WSI/2/952.jpg,0,1,0,0,0,0,0,0,0,0,0
WSI/5/34.jpg,0,0,0,0,1,0,0,0,0,0,0
WSI/2/281.jpg,0,1,0,0,0,0,0,0,0,0,0
WSI/8/966.jpg,0,0,0,0,0,0,0,1,0,0,0
WSI/7/1250.jpg,0,0,0,0,0,0,1,0,0,0,0
WSI/10/1090.jpg,0,0,0,0,0,0,0,0,0,1,0
WSI/11/744.jpg,0,0,0,0,0,0,0,0,0,0,1
WSI/5/655.jpg,0,0,0,0,1,0,0,0,0,0,0
WSI/9/1533.jpg,0,0,0,0,0,0,0,0,1,0,0
WSI/3/616.jpg,0,0,1,0,0,0,0,0,0,0,0
WSI/2/1501.jpg,0,1,0,0,0,0,0,0,0,0,0
WSI/10/1418.jpg,0,0,0,0,0,0,0,0,0,1,0
WSI/7/1070.jpg,0,0,0,0,0,0,1,0,0,0,0
WSI/7/30.jpg,0,0,0,0,0,0,1,0,0,0,0
WSI/3/1625.jpg,0,0,1,0,0,0,0,0,0,0,0
WSI/10/104.jpg,0,0,0,0,0,0,0,0,0,1,0
WSI/4/1554.jpg,0,0,0,1,0,0,0,0,0,0,0
WSI/5/896.jpg,0,0,0,0,1,0,0,0,0,0,0
WSI/10/1512.jpg,0,0,0,0,0,0,0,0,0,1,0
WSI/5/1357.jpg,0,0,0,0,1,0,0,0,0,0,0
WSI/10/956.jpg,0,0,0,0,0,0,0,0,0,1,0
WSI/11/1151.jpg,0,0,0,0,0,0,0,0,0,0,1
WSI/9/1095.jpg,0,0,0,0,0,0,0,0,1,0,0
WSI/11/731.jpg,0,0,0,0,0,0,0,0,0,0,1
WSI/1/799.jpg,1,0,0,0,0,0,0,0,0,0,0
WSI/7/1606.jpg,0,0,0,0,0,0,1,0,0,0,0
WSI/10/1551.jpg,0,0,0,0,0,0,0,0,0,1,0
WSI/4/768.jpg,0,0,0,1,0,0,0,0,0,0,0
WSI/10/629.jpg,0,0,0,0,0,0,0,0,0,1,0
WSI/9/277.jpg,0,0,0,0,0,0,0,0,1,0,0
WSI/9/1556.jpg,0,0,0,0,0,0,0,0,1,0,0
WSI/7/1083.jpg,0,0,0,0,0,0,1,0,0,0,0
WSI/11/696.jpg,0,0,0,0,0,0,0,0,0,0,1
WSI/8/435.jpg,0,0,0,0,0,0,0,1,0,0,0
WSI/5/1058.jpg,0,0,0,0,1,0,0,0,0,0,0
WSI/10/272.jpg,0,0,0,0,0,0,0,0,0,1,0
WSI/3/432.jpg,0,0,1,0,0,0,0,0,0,0,0
WSI/1/1017.jpg,1,0,0,0,0,0,0,0,0,0,0
WSI/1/573.jpg,1,0,0,0,0,0,0,0,0,0,0
WSI/4/1.jpg,0,0,0,1,0,0,0,0,0,0,0
WSI/9/417.jpg,0,0,0,0,0,0,0,0,1,0,0
WSI/5/593.jpg,0,0,0,0,1,0,0,0,0,0,0
WSI/8/409.jpg,0,0,0,0,0,0,0,1,0,0,0
WSI/8/1152.jpg,0,0,0,0,0,0,0,1,0,0,0
WSI/9/376.jpg,0,0,0,0,0,0,0,0,1,0,0
WSI/2/1267.jpg,0,1,0,0,0,0,0,0,0,0,0
WSI/6/968.jpg,0,0,0,0,0,1,0,0,0,0,0
WSI/7/827.jpg,0,0,0,0,0,0,1,0,0,0,0
WSI/3/649.jpg,0,0,1,0,0,0,0,0,0,0,0
WSI/9/1270.jpg,0,0,0,0,0,0,0,0,1,0,0
WSI/7/834.jpg,0,0,0,0,0,0,1,0,0,0,0
WSI/8/547.jpg,0,0,0,0,0,0,0,1,0,0,0
WSI/11/1359.jpg,0,0,0,0,0,0,0,0,0,0,1
WSI/3/526.jpg,0,0,1,0,0,0,0,0,0,0,0
WSI/4/1134.jpg,0,0,0,1,0,0,0,0,0,0,0
WSI/8/1082.jpg,0,0,0,0,0,0,0,1,0,0,0
WSI/5/800.jpg,0,0,0,0,1,0,0,0,0,0,0
WSI/3/353.jpg,0,0,1,0,0,0,0,0,0,0,0
WSI/3/378.jpg,0,0,1,0,0,0,0,0,0,0,0
WSI/8/122.jpg,0,0,0,0,0,0,0,1,0,0,0
WSI/7/67.jpg,0,0,0,0,0,0,1,0,0,0,0
WSI/9/591.jpg,0,0,0,0,0,0,0,0,1,0,0
WSI/7/783.jpg,0,0,0,0,0,0,1,0,0,0,0
WSI/8/397.jpg,0,0,0,0,0,0,0,1,0,0,0
WSI/8/248.jpg,0,0,0,0,0,0,0,1,0,0,0
WSI/9/636.jpg,0,0,0,0,0,0,0,0,1,0,0
WSI/9/1371.jpg,0,0,0,0,0,0,0,0,1,0,0
WSI/4/437.jpg,0,0,0,1,0,0,0,0,0,0,0
WSI/3/480.jpg,0,0,1,0,0,0,0,0,0,0,0
WSI/6/1129.jpg,0,0,0,0,0,1,0,0,0,0,0
WSI/3/1011.jpg,0,0,1,0,0,0,0,0,0,0,0
WSI/3/82.jpg,0,0,1,0,0,0,0,0,0,0,0
WSI/3/126.jpg,0,0,1,0,0,0,0,0,0,0,0
WSI/6/781.jpg,0,0,0,0,0,1,0,0,0,0,0
WSI/7/936.jpg,0,0,0,0,0,0,1,0,0,0,0
WSI/7/1373.jpg,0,0,0,0,0,0,1,0,0,0,0
WSI/2/72.jpg,0,1,0,0,0,0,0,0,0,0,0
WSI/6/320.jpg,0,0,0,0,0,1,0,0,0,0,0
WSI/2/901.jpg,0,1,0,0,0,0,0,0,0,0,0
WSI/7/1535.jpg,0,0,0,0,0,0,1,0,0,0,0
WSI/4/1541.jpg,0,0,0,1,0,0,0,0,0,0,0
WSI/9/1488.jpg,0,0,0,0,0,0,0,0,1,0,0
WSI/2/239.jpg,0,1,0,0,0,0,0,0,0,0,0
WSI/1/359.jpg,1,0,0,0,0,0,0,0,0,0,0
WSI/6/129.jpg,0,0,0,0,0,1,0,0,0,0,0
WSI/3/1081.jpg,0,0,1,0,0,0,0,0,0,0,0
WSI/7/909.jpg,0,0,0,0,0,0,1,0,0,0,0
WSI/4/150.jpg,0,0,0,1,0,0,0,0,0,0,0
WSI/5/1143.jpg,0,0,0,0,1,0,0,0,0,0,0
WSI/5/1421.jpg,0,0,0,0,1,0,0,0,0,0,0
WSI/6/1485.jpg,0,0,0,0,0,1,0,0,0,0,0
WSI/10/1610.jpg,0,0,0,0,0,0,0,0,0,1,0
WSI/11/712.jpg,0,0,0,0,0,0,0,0,0,0,1
WSI/4/428.jpg,0,0,0,1,0,0,0,0,0,0,0
WSI/5/1199.jpg,0,0,0,0,1,0,0,0,0,0,0
WSI/11/728.jpg,0,0,0,0,0,0,0,0,0,0,1
WSI/4/18.jpg,0,0,0,1,0,0,0,0,0,0,0
WSI/9/1274.jpg,0,0,0,0,0,0,0,0,1,0,0
WSI/7/544.jpg,0,0,0,0,0,0,1,0,0,0,0
WSI/6/1403.jpg,0,0,0,0,0,1,0,0,0,0,0
WSI/3/450.jpg,0,0,1,0,0,0,0,0,0,0,0
WSI/3/1650.jpg,0,0,1,0,0,0,0,0,0,0,0
WSI/5/717.jpg,0,0,0,0,1,0,0,0,0,0,0
WSI/4/1297.jpg,0,0,0,1,0,0,0,0,0,0,0
WSI/3/836.jpg,0,0,1,0,0,0,0,0,0,0,0
WSI/1/391.jpg,1,0,0,0,0,0,0,0,0,0,0
WSI/4/493.jpg,0,0,0,1,0,0,0,0,0,0,0
WSI/11/850.jpg,0,0,0,0,0,0,0,0,0,0,1
WSI/2/427.jpg,0,1,0,0,0,0,0,0,0,0,0
WSI/6/405.jpg,0,0,0,0,0,1,0,0,0,0,0
WSI/6/288.jpg,0,0,0,0,0,1,0,0,0,0,0
WSI/5/363.jpg,0,0,0,0,1,0,0,0,0,0,0
WSI/4/300.jpg,0,0,0,1,0,0,0,0,0,0,0
WSI/10/1522.jpg,0,0,0,0,0,0,0,0,0,1,0
WSI/1/921.jpg,1,0,0,0,0,0,0,0,0,0,0
WSI/6/258.jpg,0,0,0,0,0,1,0,0,0,0,0
WSI/1/1330.jpg,1,0,0,0,0,0,0,0,0,0,0
WSI/6/1254.jpg,0,0,0,0,0,1,0,0,0,0,0
WSI/10/441.jpg,0,0,0,0,0,0,0,0,0,1,0
WSI/11/662.jpg,0,0,0,0,0,0,0,0,0,0,1
WSI/11/1131.jpg,0,0,0,0,0,0,0,0,0,0,1
WSI/2/102.jpg,0,1,0,0,0,0,0,0,0,0,0
WSI/11/711.jpg,0,0,0,0,0,0,0,0,0,0,1
WSI/3/1477.jpg,0,0,1,0,0,0,0,0,0,0,0
WSI/7/1177.jpg,0,0,0,0,0,0,1,0,0,0,0
WSI/6/555.jpg,0,0,0,0,0,1,0,0,0,0,0
WSI/3/514.jpg,0,0,1,0,0,0,0,0,0,0,0
WSI/7/108.jpg,0,0,0,0,0,0,1,0,0,0,0
WSI/8/354.jpg,0,0,0,0,0,0,0,1,0,0,0
WSI/2/677.jpg,0,1,0,0,0,0,0,0,0,0,0
WSI/1/1550.jpg,1,0,0,0,0,0,0,0,0,0,0
WSI/1/1139.jpg,1,0,0,0,0,0,0,0,0,0,0
WSI/7/1356.jpg,0,0,0,0,0,0,1,0,0,0,0
WSI/6/358.jpg,0,0,0,0,0,1,0,0,0,0,0
WSI/2/314.jpg,0,1,0,0,0,0,0,0,0,0,0
WSI/11/663.jpg,0,0,0,0,0,0,0,0,0,0,1
WSI/10/1426.jpg,0,0,0,0,0,0,0,0,0,1,0
WSI/4/1642.jpg,0,0,0,1,0,0,0,0,0,0,0
WSI/10/211.jpg,0,0,0,0,0,0,0,0,0,1,0
WSI/4/421.jpg,0,0,0,1,0,0,0,0,0,0,0
WSI/6/482.jpg,0,0,0,0,0,1,0,0,0,0,0
WSI/5/1282.jpg,0,0,0,0,1,0,0,0,0,0,0
WSI/11/1597.jpg,0,0,0,0,0,0,0,0,0,0,1
WSI/4/1235.jpg,0,0,0,1,0,0,0,0,0,0,0
WSI/11/1174.jpg,0,0,0,0,0,0,0,0,0,0,1
WSI/6/1229.jpg,0,0,0,0,0,1,0,0,0,0,0
WSI/8/1006.jpg,0,0,0,0,0,0,0,1,0,0,0
WSI/2/1423.jpg,0,1,0,0,0,0,0,0,0,0,0
WSI/9/820.jpg,0,0,0,0,0,0,0,0,1,0,0
WSI/4/613.jpg,0,0,0,1,0,0,0,0,0,0,0
WSI/10/884.jpg,0,0,0,0,0,0,0,0,0,1,0
WSI/6/1007.jpg,0,0,0,0,0,1,0,0,0,0,0
WSI/10/1548.jpg,0,0,0,0,0,0,0,0,0,1,0
WSI/10/124.jpg,0,0,0,0,0,0,0,0,0,1,0
WSI/4/1391.jpg,0,0,0,1,0,0,0,0,0,0,0
WSI/11/732.jpg,0,0,0,0,0,0,0,0,0,0,1
WSI/4/1031.jpg,0,0,0,1,0,0,0,0,0,0,0
WSI/6/928.jpg,0,0,0,0,0,1,0,0,0,0,0
WSI/3/1150.jpg,0,0,1,0,0,0,0,0,0,0,0
WSI/8/965.jpg,0,0,0,0,0,0,0,1,0,0,0
WSI/6/1293.jpg,0,0,0,0,0,1,0,0,0,0,0
WSI/6/1344.jpg,0,0,0,0,0,1,0,0,0,0,0
WSI/8/931.jpg,0,0,0,0,0,0,0,1,0,0,0
WSI/6/755.jpg,0,0,0,0,0,1,0,0,0,0,0
WSI/10/16.jpg,0,0,0,0,0,0,0,0,0,1,0
WSI/1/1301.jpg,1,0,0,0,0,0,0,0,0,0,0
WSI/4/247.jpg,0,0,0,1,0,0,0,0,0,0,0
WSI/2/531.jpg,0,1,0,0,0,0,0,0,0,0,0
WSI/9/1495.jpg,0,0,0,0,0,0,0,0,1,0,0
WSI/9/274.jpg,0,0,0,0,0,0,0,0,1,0,0
WSI/9/693.jpg,0,0,0,0,0,0,0,0,1,0,0
WSI/8/605.jpg,0,0,0,0,0,0,0,1,0,0,0
WSI/1/319.jpg,1,0,0,0,0,0,0,0,0,0,0
WSI/8/324.jpg,0,0,0,0,0,0,0,1,0,0,0
WSI/5/153.jpg,0,0,0,0,1,0,0,0,0,0,0
WSI/3/1086.jpg,0,0,1,0,0,0,0,0,0,0,0
WSI/8/380.jpg,0,0,0,0,0,0,0,1,0,0,0
WSI/4/252.jpg,0,0,0,1,0,0,0,0,0,0,0
WSI/10/576.jpg,0,0,0,0,0,0,0,0,0,1,0
WSI/1/1115.jpg,1,0,0,0,0,0,0,0,0,0,0
WSI/11/1340.jpg,0,0,0,0,0,0,0,0,0,0,1
WSI/3/1561.jpg,0,0,1,0,0,0,0,0,0,0,0
WSI/11/707.jpg,0,0,0,0,0,0,0,0,0,0,1
WSI/8/1180.jpg,0,0,0,0,0,0,0,1,0,0,0
WSI/10/1317.jpg,0,0,0,0,0,0,0,0,0,1,0
WSI/4/839.jpg,0,0,0,1,0,0,0,0,0,0,0
WSI/1/1183.jpg,1,0,0,0,0,0,0,0,0,0,0
WSI/3/495.jpg,0,0,1,0,0,0,0,0,0,0,0
WSI/9/484.jpg,0,0,0,0,0,0,0,0,1,0,0
WSI/7/1084.jpg,0,0,0,0,0,0,1,0,0,0,0
WSI/4/738.jpg,0,0,0,1,0,0,0,0,0,0,0
WSI/7/946.jpg,0,0,0,0,0,0,1,0,0,0,0
WSI/3/1072.jpg,0,0,1,0,0,0,0,0,0,0,0
WSI/9/590.jpg,0,0,0,0,0,0,0,0,1,0,0
WSI/3/868.jpg,0,0,1,0,0,0,0,0,0,0,0
WSI/5/702.jpg,0,0,0,0,1,0,0,0,0,0,0
WSI/10/1433.jpg,0,0,0,0,0,0,0,0,0,1,0
WSI/5/858.jpg,0,0,0,0,1,0,0,0,0,0,0
WSI/4/1014.jpg,0,0,0,1,0,0,0,0,0,0,0
WSI/9/461.jpg,0,0,0,0,0,0,0,0,1,0,0
WSI/2/541.jpg,0,1,0,0,0,0,0,0,0,0,0
WSI/6/532.jpg,0,0,0,0,0,1,0,0,0,0,0
WSI/2/1588.jpg,0,1,0,0,0,0,0,0,0,0,0
WSI/5/1064.jpg,0,0,0,0,1,0,0,0,0,0,0
WSI/4/1539.jpg,0,0,0,1,0,0,0,0,0,0,0
WSI/10/675.jpg,0,0,0,0,0,0,0,0,0,1,0
WSI/1/1186.jpg,1,0,0,0,0,0,0,0,0,0,0
WSI/8/162.jpg,0,0,0,0,0,0,0,1,0,0,0
WSI/2/1451.jpg,0,1,0,0,0,0,0,0,0,0,0
WSI/7/1393.jpg,0,0,0,0,0,0,1,0,0,0,0
WSI/10/935.jpg,0,0,0,0,0,0,0,0,0,1,0
WSI/5/656.jpg,0,0,0,0,1,0,0,0,0,0,0
WSI/7/177.jpg,0,0,0,0,0,0,1,0,0,0,0
WSI/11/697.jpg,0,0,0,0,0,0,0,0,0,0,1
WSI/4/499.jpg,0,0,0,1,0,0,0,0,0,0,0
WSI/9/1367.jpg,0,0,0,0,0,0,0,0,1,0,0
WSI/9/52.jpg,0,0,0,0,0,0,0,0,1,0,0
WSI/11/287.jpg,0,0,0,0,0,0,0,0,0,0,1
WSI/4/200.jpg,0,0,0,1,0,0,0,0,0,0,0
WSI/8/1598.jpg,0,0,0,0,0,0,0,1,0,0,0
WSI/1/863.jpg,1,0,0,0,0,0,0,0,0,0,0
WSI/5/12.jpg,0,0,0,0,1,0,0,0,0,0,0
WSI/6/871.jpg,0,0,0,0,0,1,0,0,0,0,0
WSI/8/70.jpg,0,0,0,0,0,0,0,1,0,0,0
WSI/1/253.jpg,1,0,0,0,0,0,0,0,0,0,0
WSI/9/370.jpg,0,0,0,0,0,0,0,0,1,0,0
WSI/11/1430.jpg,0,0,0,0,0,0,0,0,0,0,1
WSI/7/502.jpg,0,0,0,0,0,0,1,0,0,0,0
WSI/2/1519.jpg,0,1,0,0,0,0,0,0,0,0,0
WSI/1/743.jpg,1,0,0,0,0,0,0,0,0,0,0
WSI/6/172.jpg,0,0,0,0,0,1,0,0,0,0,0
WSI/6/658.jpg,0,0,0,0,0,1,0,0,0,0,0
WSI/6/939.jpg,0,0,0,0,0,1,0,0,0,0,0
WSI/8/1156.jpg,0,0,0,0,0,0,0,1,0,0,0
WSI/5/1116.jpg,0,0,0,0,1,0,0,0,0,0,0
WSI/9/1508.jpg,0,0,0,0,0,0,0,0,1,0,0
WSI/6/898.jpg,0,0,0,0,0,1,0,0,0,0,0
